-0.0376296106264887,-0.0367875281901506,-0.0359141571378221,-0.0350088409046491,-0.0340709170647148,-0.0330997173361608,-0.0320945719111962,-0.0310548349767772,-0.0299799002526306,-0.0288692016757831,-0.02772221340056,-0.0265384497985859,-0.0253174654587844,-0.0240588551873784,-0.0227622540078894,-0.0214273371611383,-0.0200538201052451,-0.0186414585156289,-0.0171900482850076,-0.0156994255233987,-0.014169466558118,-0.0126000879337811,-0.0109912464123023,-0.00934293897289523,-0.00765520281207231,-0.00592811534364519,-0.00416179419872459,-0.00235639722572019,-0.000512122490341072,0.00137079172440495,0.00329206691821084,0.0052513843734705,0.00724838515527887,0.00928267011143147,0.0113537998724251,0.0134612948514573,0.0156046352444267,0.0177832610299326,0.0199965719692756,0.0222439276064566,0.024524647268178,0.026838010063843,0.0291832548855556,0.031559580408121,0.0339661450890445,0.0364020671685334,0.0388664246694954,0.041358255397539,0.0438765569409739,0.0464202866708107,0.0489883617407607,0.0515796590872361,0.0541930154293504,0.0568272272689178,0.0594810508904534,0.0621532023611734,0.0648423575309942,0.0675471520325341,0.0702661812811121,0.0729980004747475,0.0757411245941615,0.0784940284027749,0.081255146446711,0.0840228730547927,0.0867955623385445,0.0895715281921919,0.0923490442926609,0.0951263440995783,0.0979016208552725,0.100673027663803,0.103438688220025,0.106196737023126,0.108945335732162,0.111682673510088,0.11440696702376,0.117116460443931,0.119809425445257,0.122484161206289,0.12513899440948,0.127772279241183,0.130382397391649,0.132967758055029,0.135526797929375,0.138057981216634,0.140559799622657,0.143030772357192,0.145469446133887,0.14787439517029,0.150244221187848,0.152577553411907,0.154873048571712,0.15712939090041,0.159345292135044,0.161519491516559,0.163650755789797,0.165737879203503,0.167779683510317,0.169775017966784,0.171722759333342,0.173621811874332,0.175471107357996,0.177269605056471,0.179016291745798,0.180710181705914,0.182350316720657,0.183935766077764,0.185465626568871,0.186939022489515,0.188355105639131,0.189713055321054,0.191012078342518,0.192251409014657,0.193430309152503,0.194548068074989,0.195604002604948,0.19659745706911,0.197527803298107,0.198394440626468,0.199196795892623,0.199934323438902,0.200606505111532,0.201212850260642,0.201752895740258,0.202226205908309,0.202632372626619,0.202971015260915,0.20324178068082,0.203444343259862
0.0149583897212829,0.0148030179889066,0.0146388263293141,0.0144655577091814,0.0142829517001284,0.0140907444803489,0.0138886702124624,0.0136764691644461,0.0134538926539882,0.0132207032663115,0.0129766748541731,0.0127215925378646,0.0124552527052119,0.0121774630115757,0.0118880423798506,0.0115868210004662,0.011273640331386,0.0109483530981083,0.0106108232936658,0.0102609261786255,0.00989854828108891,0.00952358739669193,0.00913595258860497,0.00873556418753284,0.00832235379171477,0.00789626426692445,0.00745724974646998,0.00700527563119391,0.00654031858947325,0.00606236655721942,0.00557141873787827,0.00506748560243009,0.00455058888938958,0.00402076160480598,0.00347804802226285,0.00292250368287823,0.00235419539530459,0.00177320123572885,0.00117961054787231,0.000573523942990819,-4.49467001254383e-05,-0.000675678235151803,-0.00131853624822919,-0.00197337505796413,-0.00264003771542856,-0.00331835600416014,-0.00400815044016203,-0.00470923027190297,-0.00542139348031725,-0.00614442677880479,-0.00687810561323091,-0.00762219416192665,-0.00837644533568857,-0.00914060077777879,-0.00991439086392502,-0.0106975347023204,-0.0114897401336239,-0.0122907037309597,-0.0131001107999179,-0.013917635378554,-0.014742940237389,-0.0155756768794095,-0.0164154855400678,-0.0172619951872816,-0.0181148235214342,-0.0189735769753746,-0.0198378507144171,-0.0207072286363418,-0.0215812833713943,-0.0224595762959271,-0.023341659384346,-0.0242270821503765,-0.0251153944701961,-0.0260061466418182,-0.0268988893850915,-0.0277931738417004,-0.0286885515751648,-0.0295845745708398,-0.0304807952359164,-0.0313767663994209,-0.0322720413122153,-0.033166173646997,-0.0340587174982989,-0.0349492273824894,-0.0358372582377725,-0.0367223654241877,-0.03760410472361,-0.0384820323397499,-0.0393557048981535,-0.0402246794462023,-0.0410885134531133,-0.0419467648099393,-0.0427989918295682,-0.0436447532467239,-0.0444836082179652,-0.0453151163216869,-0.0461388375581193,-0.046954332349328,-0.0477611615392142,-0.0485588863935147,-0.0493470685998017,-0.050125270267483,-0.0508930539278019,-0.0516499825338372,-0.0523956194605032,-0.0531295285045498,-0.0538512738845623,-0.0545604202409616,-0.0552565326360041,-0.0559391765537818,-0.056607917900222,-0.0572623230030878,-0.0579019586119775,-0.0585263918983252,-0.0591351904554004,-0.0597279222983081,-0.0603041558639888,-0.0608634600112187,-0.0614054040206093,-0.0619295575946076,-0.0624354908574964,-0.0629227743553937,-0.0633909790562531,-0.063839676349864,-0.0642684380478509,-0.064676836383674,-0.0650644440126291,-0.0654308340118475
-0.0239132810945922,-0.0255027268820046,-0.0271013936353595,-0.0287071043247564,-0.0303176142278931,-0.031930610943741,-0.0335437259523913,-0.035154602747724,-0.036760938319346,-0.0383604849800772,-0.0399510503659498,-0.0415304974362091,-0.0430967444733125,-0.0446477650829303,-0.0461815881939458,-0.0476962980584544,-0.0491900342517646,-0.0506609916723972,-0.0521074205420858,-0.0535276264057769,-0.0549199701316293,-0.0562828679110146,-0.0576147912585171,-0.0589142670119337,-0.0601798773322739,-0.06141025970376,-0.0626041069338269,-0.0637601671531221,-0.0648772438155058,-0.0659541956980509,-0.0669899369010429,-0.0679834368479799,-0.0689337202855729,-0.0698398672837452,-0.070701013235633,-0.0715163488575851,-0.0722851201891631,-0.0730066285931409,-0.0736802307555055,-0.0743053386854561,-0.0748814197154049,-0.0754079965009767,-0.0758846470210087,-0.0763110045775513,-0.0766867577958669,-0.077011650624431,-0.0772854823349316,-0.0775081075222695,-0.0776794361045579,-0.0777994333231229,-0.0778681197425032,-0.0778855712504499,-0.0778519190579273,-0.0777673496991117,-0.0776321050313927,-0.077446482235372,-0.0772108338148644,-0.076925567596897,-0.0765911467317098,-0.0762080896927554,-0.075776970276699,-0.0752984176034185,-0.0747731161160045,-0.0742018055807601,-0.0735852810872013,-0.0729243930480565,-0.0722200471992669,-0.0714732045999865,-0.0706848816325815,-0.0698561499346626,-0.0689881271717053,-0.0680819424519815,-0.0671387222602132,-0.0661595901616948,-0.0651456668022931,-0.0640980699084473,-0.0630179142871688,-0.0619063118260416,-0.0607643714932219,-0.0595931993374384,-0.0583938984879922,-0.0571675691547565,-0.0559153086281772,-0.0546382112792724,-0.0533373685596326,-0.0520138690014207,-0.050668798217372,-0.0493032389007939,-0.0479182708255668,-0.0465149708461428,-0.0450944128975466,-0.0436576679953755,-0.0422058042357989,-0.0407398867955586,-0.0392609779319691,-0.0377701369829167,-0.0362684203668606,-0.034756881582832,-0.0332365712104346,-0.0317085369098447,-0.0301738234218108,-0.0286334725676535,-0.0270885232492662,-0.0255400114491144,-0.0239889702302361,-0.0224364297362417,-0.0208834171913139,-0.0193309569002077,-0.0177800702482506,-0.0162317757013424,-0.0146870888059554,-0.0131470221891341,-0.0116125855584956,-0.010084785702229,-0.00856462648909606,-0.00705310886843085,-0.0055512308701399,-0.00405998760470199,-0.00258037126316828,-0.00111337111716234,0.000340026481119983,0.00177883809891022,0.00320208322286778,0.0046087842590796,0.00599796653306025,0.00736865828975195,0.0087198906935246,0.0100506978281755
-0.0235908548617604,-0.0250139779961733,-0.0264219869714481,-0.027811453847114,-0.0291788574511034,-0.0305205834050198,-0.0318329454833491,-0.0331123115026885,-0.0343551799682256,-0.0355581834503969,-0.0367180885848879,-0.0378317960726329,-0.0388963406798149,-0.0399088912378662,-0.0408667506434677,-0.0417673558585492,-0.0426082779102895,-0.0433872218911163,-0.0441020269587059,-0.0447506663359838,-0.0453312473111243,-0.0458420112375507,-0.0462813335339348,-0.0466477236841977,-0.0469398252375093,-0.0471564158082882,-0.047296407076202,-0.0473588447861673,-0.0473429087483494,-0.0472479128381626,-0.0470733049962701,-0.0468186672285838,-0.0464837156062648,-0.0460683002657229,-0.0455724054086166,-0.0449961493018538,-0.0443397842775908,-0.0436036967332329,-0.0427884071314345,-0.0418945700000987,-0.0409229739323775,-0.0398745415866719,-0.0387503296866315,-0.0375515290211551,-0.0362794644443904,-0.0349355948757338,-0.0335215132998305,-0.0320389467665749,-0.0304897563911101,-0.0288759373538279,-0.0271996189003696,-0.0254630643416246,-0.0236686710537319,-0.0218189704780788,-0.0199166281213017,-0.0179644435552862,-0.0159653504171664,-0.0139224164093255,-0.0118388432993953,-0.00971796692025677,-0.00756325717003956,-0.00537831801212261,-0.00316688747513328,-0.00093283765294801,0.00131982529530783,0.00358696114526022,0.00586429560728584,0.00814742032651277,0.0104317928828202,0.0127127371063359,0.0149854859091306,0.017245341822372,0.0194877422895609,0.0217082610399402,0.0239026080884937,0.0260666297359468,0.028196308568766,0.0302877634591591,0.0323372495650755,0.0343411583302056,0.0362960174839813,0.038198491041576,0.0400453793039042,0.0418336188576215,0.0435602825751254,0.0452225796145542,0.0468178554197879,0.0483435917204477,0.049797406531896,0.0511770541552367,0.0524804251773149,0.0537055464707171,0.0548505811937711,0.0559138287905462,0.0568937249908526,0.0577888418102423,0.0585978875500083,0.0593197067971851,0.0599532804245486,0.0604977255906157,0.0609522957396449,0.061316380601636,0.0615895061923301,0.0617713348132095,0.0618616650514981,0.0618604317801608,0.0617677061579041,0.0615836956291757,0.0613087439241647,0.0609433310588013,0.0604880733347574,0.059943723339446,0.0593111699460214,0.0585914383133793,0.0577856898861567,0.0568952223947319,0.0559214698552247,0.054866002569496,0.0537305271251481,0.0525168863955247,0.0512270595397108,0.0498631620025326,0.0484274455145579,0.0469222980920955,0.0453502440371957,0.0437139439376502,0.0420161946669918,0.0402599293844949
0.012479371408522,0.0112554776897552,0.0100099753950857,0.00874346299181297,0.00745656538528334,0.00614993391589432,0.00482424382745812,0.00348017934596701,0.00211842459493899,0.000739663195193786,-0.000655421735147291,-0.0020661475806613,-0.00349183222862343,-0.00493179406900747,-0.00638535199448544,-0.00785182540042773,-0.00933053418490309,-0.0108207987486786,-0.0123219399952196,-0.0138332793306899,-0.0153541386639518,-0.0168838404065655,-0.01842170747279,-0.0199670632795823,-0.021519231746598,-0.0230775372961909,-0.0246413048534133,-0.0262098598460158,-0.0277825282044471,-0.0293586363618545,-0.0309375112540835,-0.0325184803196782,-0.0341008714998809,-0.0356840132386322,-0.0372672344825708,-0.0388498646810343,-0.0404312337860583,-0.0420106722523768,-0.0435875110374224,-0.0451610816013253,-0.0467307159069149,-0.0482957464197185,-0.0498555061079618,-0.0514093284425693,-0.0529565473971627,-0.0544964974480633,-0.0560285135742901,-0.0575519312575606,-0.0590660864822907,-0.0605703157355944,-0.0620639560072844,-0.0635463447898715,-0.0650168200785649,-0.066474720371272,-0.0679193846685989,-0.0693501524738497,-0.0707663637930274,-0.0721673591348323,-0.0735524795106643,-0.0749210664346206,-0.0762724619234974,-0.0776060084967893,-0.078921049176688,-0.0802169274880857,-0.081492987458571,-0.0827485736184324,-0.083983031000655,-0.0851957051409239,-0.0863859420776213,-0.0875530883779402,-0.0886964946827474,-0.0898155289930655,-0.0909095820739129,-0.0919780675679736,-0.0930204219955935,-0.0940361047547837,-0.095024598121218,-0.0959854072482349,-0.0969180601668357,-0.0978221077856867,-0.0986971238911168,-0.0995427051471187,-0.10035847109535,-0.101144064155131,-0.101899149623446,-0.102623415674943,-0.103316573361934,-0.103978356614396,-0.104608522239967,-0.10520684992395,-0.105773142229313,-0.106307224596686,-0.106808945344364,-0.107278175668306,-0.107714809642132,-0.10811876421713,-0.108489979222248,-0.1088284173641,-0.109134064226963,-0.109406928272779,-0.109647040841151,-0.109854456149347,-0.110029251292301,-0.110171526242608,-0.110281403850528,-0.110359029843984,-0.110404572828564,-0.110418224287518,-0.110400198581761,-0.110350732949873,-0.110270087508094,-0.110158545250332,-0.110016412048155,-0.109844016650799,-0.109641710685159,-0.109409868655797,-0.109148887944938,-0.108859188812471,-0.108541214395948,-0.108195430710585,-0.107822326649263,-0.107422413982524,-0.106996227358576,-0.106544324303291,-0.106067285220204,-0.105565713390514,-0.105040234973081,-0.104491499004435
0.0115086901658264,0.0111666756083731,0.0108148180076359,0.0104530858307102,0.0100814509467525,0.00969988862730181,0.00930837781817559,0.00890690274199701,0.00849545387387893,0.00807402798440773,0.00764262813964323,0.00720126370111871,0.00674995032584096,0.00628870996629017,0.00581757087042003,0.00533656758165767,0.00484574093890366,0.00434513807653213,0.00383481242439057,0.00331482370779999,0.00278523794755482,0.00224612745992295,0.00169757085664583,0.00113965304493825,0.00057246522748853,-3.89509754157481e-06,-0.00058932413651684,-0.0011837118003286,-0.00178694170439465,-0.0023988911686594,-0.00301943121759377,-0.00364842658019523,-0.00428573568998781,-0.00493121068502197,-0.00558469740787483,-0.00624603540564999,-0.00691505792997761,-0.00759159193701436,-0.00827545808744352,-0.00896647074647476,-0.00966443798384444,-0.0103691615738154,-0.0110804369951769,-0.0117980534312451,-0.0125217937698622,-0.0132514346033973,-0.0139867462287459,-0.01472749264733,-0.0154734315650984,-0.016224314392526,-0.0169798862446146,-0.0177398859408925,-0.0185040460054142,-0.0192720926667612,-0.0200437458580412,-0.0208187192168887,-0.0215967200854644,-0.022377449510456,-0.0231606022430772,-0.0239458667390687,-0.0247329251586975,-0.0255214533667571,-0.0263111209325678,-0.0271015911299761,-0.0278925209373553,-0.0286835610376051,-0.0294743558181518,-0.0302645433709481,-0.0310537554924735,-0.0318416176943778,-0.0326277506484874,-0.0334117756028236,-0.0341933165843899,-0.0349720004455068,-0.035747456863812,-0.03651931834226,-0.0372872202091223,-0.0380508006179873,-0.0388097005477606,-0.0395635638026645,-0.0403120370122385,-0.0410547696313389,-0.0417914139401391,-0.0425216250441295,-0.0432450608741173,-0.0439613821862268,-0.0446702525618992,-0.0453713384078929,-0.046064308956283,-0.0467488362644617,-0.047424595215138,-0.0480912635163383,-0.0487485217014055,-0.0493960531289998,-0.0500335439830982,-0.0506606832729947,-0.0512771628333003,-0.051882677323943,-0.0524769242301678,-0.0530596038625366,-0.0536304193569282,-0.0541890766745386,-0.0547352846018806,-0.0552687547507841,-0.0557892015583958,-0.0562963422871795,-0.056789897024916,-0.0572695886847029,-0.057735143004955,-0.058186288549404,-0.0586227567070985,-0.0590442816924041,-0.0594506005450035,-0.0598414531298961,-0.0602165821373985,-0.0605757330831445,-0.0609186543080842,-0.0612450969784852,-0.0615548150859321,-0.0618475654473261,-0.0621231077048858,-0.0623812043261464,-0.0626216206039604,-0.062844124656497,-0.0630484874272425,-0.0632344826850002,-0.0634018870238904,-0.0635504798633503
0.0196001596600275,0.0198333279823499,0.0200694459652369,0.0203084591986295,0.0205503109869722,0.0207949423489397,0.0210422917862342,0.021292293920901,0.0215448786656699,0.0217999711874053,0.0220574919071056,0.0223173564999035,0.0225794758950661,0.0228437562759945,0.0231100990802242,0.023378400999425,0.023648553979401,0.0239204452200903,0.0241939571755655,0.0244689675540333,0.0247453493178347,0.0250229706834451,0.0253016951214739,0.025581381356665,0.0258618833678963,0.0261430503881802,0.0264247269046632,0.0267067526586261,0.0269889626454839,0.0272711871147859,0.0275532515702158,0.0278349767695914,0.0281161787248646,0.0283966687021218,0.0286762532215836,0.0289547340576049,0.0292319082386747,0.0295075680474163,0.0297815010205874,0.0300534899490798,0.0303233128779195,0.030590743106267,0.0308555491874169,0.031117494928798,0.0313763393919734,0.0316318368926406,0.0318837370006311,0.0321317845399108,0.0323757195885799,0.0326152774788728,0.032850188797158,0.0330801793839385,0.0333049703338515,0.0335242779956683,0.0337378139722947,0.0339452851207704,0.0341463935522697,0.0343408366321011,0.0345283069797071,0.0347084924686648,0.0348810762266853,0.035045736635614,0.0352021473314306,0.0353499772042492,0.0354888903983178,0.035618546312019,0.0357385995978694,0.0358487001625201,0.0359484931667562,0.0360376190425123,0.0361157158028304,0.0361824276997959,0.0362374087458706,0.0362803227879612,0.0363108435074201,0.0363286544200448,0.0363334488760784,0.036324930060209,0.0363028109915704,0.0362668145237414,0.0362166733447463,0.0361521299770549,0.036072936777582,0.0359788559376881,0.0358696594831788,0.035745129274305,0.0356050570057631,0.0354492442066949,0.0352775022406872,0.0350896523057726,0.0348855254344286,0.0346649624935784,0.0344278141845903,0.034173941043278,0.0339032134399006,0.0336155115791625,0.0333107255002135,0.0329887550766486,0.0326495100165082,0.0322929098622782,0.0319188839908896,0.0315273716137188,0.0311183217765877,0.0306916933597634,0.0302474550779583,0.0297855854803302,0.0293060729504823,0.0288089157064631,0.0282941218007664,0.0277617091203313,0.0272117053865424,0.0266441481552295,0.0260590848166678,0.0254565725955778,0.0248366785511253,0.0241994795769217,0.0235450624010234,0.0228735235859323,0.0221849695285956,0.021479516460406,0.0207572904472012,0.0200184273892646,0.0192630730213247,0.0184913829125556,0.0177035224665763,0.0168996669214516,0.0160800013496913,0.0152447206582509
-0.0281578831701571,-0.0297618278738303,-0.0313667402456985,-0.032970097396724,-0.0345693032179462,-0.0361616883968626,-0.037744524264114,-0.039315104404574,-0.040870794345498,-0.0424090337455329,-0.0439273363947174,-0.0454232902144815,-0.0468945572576467,-0.0483388737084264,-0.0497540498824253,-0.0511379702266399,-0.0524885933194581,-0.0538039518706594,-0.0550821527214149,-0.0563213768442872,-0.0575198793432306,-0.0586759894535909,-0.0597881105421055,-0.0608547201069033,-0.0618743697775048,-0.0628456853148222,-0.063767366611159,-0.0646381876902107,-0.0654569967070639,-0.066222715948197,-0.0669343418314799,-0.0675909449061743,-0.0681916698529332,-0.0687357354838013,-0.0692224347422147,-0.0696511347030013,-0.0700212765723807,-0.0703323756879635,-0.0705840215187524,-0.0707758776651416,-0.0709076818589165,-0.0709792459632546,-0.0709904559727246,-0.0709412720132869,-0.0708317283422934,-0.0706619333484878,-0.070432069552005,-0.0701423936043718,-0.0697932362885064,-0.0693850025187186,-0.0689181713407099,-0.0683932959315731,-0.0678110035997929,-0.0671719957852452,-0.0664770480591978,-0.0657270101243101,-0.0649228058146326,-0.0640654330956079,-0.0631559640640699,-0.0621955449482442,-0.0611853961077478,-0.0601268120335895,-0.0590211613481695,-0.0578698868052796,-0.0566745052901032,-0.0554366078192152,-0.0541578595405823,-0.0528399997335625,-0.0514848418089055,-0.0500942731955415,-0.0486702399711306,-0.0472146892559406,-0.0457295457834411,-0.0442167114074779,-0.0426780651022735,-0.0411154629624273,-0.039530738202915,-0.0379257011590893,-0.0363021392866794,-0.034661817161791,-0.0330064764809066,-0.0313378360608854,-0.029657591838963,-0.027967416872752,-0.0262689613402415,-0.024563852539797,-0.0228536948901611,-0.0211400699304525,-0.0194245363201672,-0.0177086298391774,-0.0159938633877319,-0.0142817269864565,-0.0125736877763533,-0.0108711900188011,-0.00917565509555576,-0.00748848150874926,-0.00581104488089049,-0.00414469795486491,-0.00249077059393456,-0.000850569781738422,0.000774620377708183,0.00238353866001317,0.00397494672040783,0.00554762909374678,0.0071003931945081,0.00863206931679296,0.0101415106343261,0.0116275932004556,0.0130892159481528,0.0145253006900126,0.0159347921182529,0.0173166578047152,0.0186698882008643,0.0199934966377884,0.021286519326199,0.0225480153564311,0.0237770666984426,0.0249727782018152,0.0261342775957539,0.0272607154890869,0.0283512653702659,0.0294051236073658,0.0304215094480848,0.0313996650197448,0.0323388553292908,0.033238368263291,0.0340975145879374,0.0349156279490449
0.0102228531239684,0.0104073785626766,0.010585789527397,0.0107573449254528,0.0109212845973445,0.0110768293219811,0.011223185238531,0.0113595699084077,0.0114852281828658,0.0115994329020472,0.011701484894981,0.0117907129795842,0.0118664739626611,0.0119281526399033,0.0119751617958899,0.0120069422040874,0.01202296262685,0.012022719815419,0.0120057385099234,0.0119715714393794,0.0119197993216909,0.011850030863649,0.0117619027609324,0.0116550796981073,0.0115292543486272,0.011384147374833,0.0112195074279532,0.0110351111481036,0.0108307631642876,0.0106062960943959,0.0103615705452067,0.0100964751123857,0.00981092638048592,0.00950486892294789,0.00917827530209959,0.00883114606915639,0.00846350976422119,0.00807542291628425,0.00766697004322327,0.0072382636518035,0.00678944423767749,0.00632068028538533,0.00583216826835452,0.00532413264889997,0.00479682587822412,0.00425052839641677,0.00368554863245518,0.00310222300420407,0.00250091591841559,0.0018820197707293,0.0012459549456723,0.000593169816659036,-7.58592540085508e-05,-0.000760627915141135,-0.00146060382666192,-0.00217522665960659,-0.00290390809612349,-0.00364603182947351,-0.00440095356403004,-0.00516800101527912,-0.00594647390981931,-0.00673564398536158,-0.00753475499072969,-0.00834302268585986,-0.00915963484180082,-0.00998375124071391,-0.0108145036758731,-0.0116509959516647,-0.0124923038835879,-0.0133374753527904,-0.0141855377098843,-0.0150355255251293,-0.0158864918749123,-0.0167375085791531,-0.0175876662013037,-0.0184360740483486,-0.0192818601708045,-0.0201241713627208,-0.0209621731616792,-0.0217950498487939,-0.0226220044487113,-0.0234422587296106,-0.0242550532032031,-0.0250596471247327,-0.0258553184929757,-0.0266413640502406,-0.0274170992823688,-0.0281818584187338,-0.0289349944322414,-0.0296758790393301,-0.0304039026999707,-0.0311184746176665,-0.031819022739453,-0.0325049937558986,-0.0331758531011037,-0.0338310849527011,-0.0344701922318564,-0.0350926966032672,-0.035698138475164,-0.0362860769993091,-0.036856090070998,-0.0374077743290577,-0.0379407451558484,-0.0384546366772626,-0.0389491017627249,-0.0394238120251926,-0.0398784578211551,-0.0403127482506347,-0.0407264111571859,-0.0411191931278954,-0.0414908594933825,-0.0418411943277993,-0.0421700004488297,-0.0424770994176905,-0.0427623315391306,-0.0430255558614314,-0.0432666501764069,-0.0434855110194034,-0.0436820536692995,-0.0438562121485066,-0.0440079392229681,-0.04413720640216,-0.044244003939091,-0.0443283408303016,-0.0443902448158653,-0.0444297623793879,-0.0444469587480074,-0.0444419178923941
0.0146322556751818,0.0146126650797591,0.0145829118826334,0.0145423448390567,0.014490298030371,0.014426090868651,0.0143490320214761,0.0142584425441748,0.0141536699636748,0.014034088898967,0.0138991010611055,0.0137481352532074,0.0135806473704527,0.0133961204000849,0.0131940644214102,0.0129740166057981,0.0127355412166811,0.0124782296095549,0.0122017002319781,0.0119055986235727,0.0115895974160234,0.0112533963330782,0.0108967221905482,0.0105193288963076,0.0101209974502937,0.00970153594450664,0.00926077956301001,0.00879859058193024,0.00831485836945699,0.00780949938584294,0.00728245718340385,0.0067337024065186,0.00616323279162911,0.0055710731672405,0.00495727545392086,0.00432191866430144,0.00366510890307653,0.00298697936700354,0.00228769034490293,0.00156742921765835,0.000826410458216435,6.48756315869451e-05,-0.000716906605157273,-0.00151864050288034,-0.00234000322038311,-0.00318064482440355,-0.00404018828961643,-0.00491822949863347,-0.00581433724200329,-0.00672805321821147,-0.00765889203368034,-0.00860634120276932,-0.00956986114777465,-0.0105488851989295,-0.0115428195944041,-0.0125510434803052,-0.0135729089106768,-0.0146077408474998,-0.0156548371606919,-0.0167134686281077,-0.0177828789355388,-0.0188622846767136,-0.0199508753532975,-0.0210478133748928,-0.0221522340590386,-0.0232632456312112,-0.0243799292248235,-0.0255013388812254,-0.0266265015497038,-0.0277544171387213,-0.0288840654720577,-0.0300144323610725,-0.0311445202087444,-0.0322733482327222,-0.0333999524653242,-0.0345233857535385,-0.035642717759023,-0.0367570349581049,-0.0378654406417816,-0.03896705491572,-0.0400610147002567,-0.041146473730398,-0.0422226025558201,-0.0432885885408687,-0.0443436358645591,-0.0453869655205768,-0.0464178153172765,-0.0474354398776829,-0.0484391106394903,-0.0494281158550628,-0.0504017605914341,-0.0513593667303077,-0.0523002729680568,-0.0532238348157244,-0.0541294245990228,-0.0550164314583347,-0.0558842613487118,-0.0567323370398762,-0.0575600981162191,-0.0583670009768018,-0.0591525188353552,-0.0599161417202798,-0.060657376474646,-0.0613757467561938,-0.062070793037333,-0.062742072605143,-0.063389159561373,-0.0640116448224418,-0.0646091361194382,-0.0651812579981203,-0.0657276518189162,-0.0662479757569237,-0.0667419048019101,-0.0672091307583127,-0.0676493622452383,-0.0680623246964637,-0.0684477603604348,-0.0688054283002679,-0.0691351043937487,-0.0694365813333326,-0.0697096686261447,-0.06995419259398,-0.0701699963733029,-0.0703569399152479,-0.0705148999856189,-0.0706437701648896,-0.0707434608482034,-0.0708138992453736
-0.0160149846014404,-0.0171355939603451,-0.0182699705805392,-0.01941695559573,-0.020575349671066,-0.0217439130092994,-0.0229213705603383,-0.0241064427258641,-0.0252978640535509,-0.026494384060639,-0.0276947672339348,-0.0288977930298108,-0.0301022558742054,-0.0313069651626233,-0.0325107452601353,-0.0337124355013781,-0.0349108901905548,-0.0361049786014343,-0.0372935849773516,-0.0384756085312079,-0.0396499634454706,-0.0408155788721731,-0.0419713989329147,-0.0431163827188609,-0.0442495042907436,-0.0453697526788603,-0.0464761318830748,-0.0475676608728173,-0.0486433735870835,-0.0497023189344356,-0.0507435607930018,-0.0517661780104763,-0.0527692644041196,-0.0537519287607581,-0.0547132948367842,-0.0556525013581567,-0.0565687020204003,-0.0574610654886059,-0.0583287753974302,-0.0591710303510964,-0.0599870439233935,-0.0607760446576767,-0.0615372760668672,-0.0622699966334525,-0.062973479809486,-0.0636470140165872,-0.0642899026459418,-0.0649014640583015,-0.0654810315839841,-0.0660279535228735,-0.0665415931444198,-0.067021328687639,-0.0674665533611133,-0.067876675342991,-0.0682511177809864,-0.06858931879238,-0.0688907314640184,-0.0691548238523142,-0.069381078983246,-0.0695689948523588,-0.0697180844247634,-0.0698278756351369,-0.0698979113877223,-0.0699277495563288,-0.0699169629843317,-0.0698651394846723,-0.0697718818398582,-0.0696368078019628,-0.0694595500926257,-0.069239756434775,-0.068977093859207,-0.0686712648460473,-0.0683220138897625,-0.067929127637251,-0.0674924348878436,-0.067011806593303,-0.0664871558578241,-0.065918437938034,-0.0653056502429919,-0.0646488323341889,-0.0639480659255486,-0.0632034748834265,-0.0624152252266101,-0.0615835251263193,-0.0607086249062059,-0.0597908170423541,-0.0588304361632798,-0.0578278590499314,-0.0567835046356893,-0.055697834006366,-0.0545713504002061,-0.0534045992078863,-0.0521981679725156,-0.0509526863896348,-0.0496688263072172,-0.048347301725668,-0.0469888687978246,-0.0455943258289564,-0.044164513276765,-0.0427003137513842,-0.0412026520153798,-0.0396724949837499,-0.0381108517239245,-0.0365187734557658,-0.0348973535515681,-0.033247727536058,-0.0315710730863941,-0.029868610032167,-0.0281416003553996,-0.0263913481905467,-0.0246191998244957,-0.0228265436965655,-0.0210148103985076,-0.0191854726745054,-0.0173400454211745,-0.0154800856875624,-0.0136071926751492,-0.0117230077378467,-0.00982921438199891,-0.00792753826638213,-0.00601974720220448,-0.00410765115310662,-0.00219310223516098,-0.000277994716872255,0.00163573498082278,0.00354610828455519,0.00545110446852404,0.00734866065449599
0.000625632053535583,-0.000650771114035291,-0.00193003167148123,-0.00320985150218246,-0.00448786303503523,-0.00576162926035708,-0.00702865717474597,-0.0082864770238437,-0.00953269054855137,-0.0107649731105148,-0.0119810736921248,-0.0131788148965167,-0.0143560929475707,-0.0155108776899121,-0.0166412125889106,-0.0177452147306809,-0.0188210748220826,-0.0198670571907199,-0.0208814997849419,-0.0218628141738425,-0.0228094855472603,-0.023720072715779,-0.0245932081107268,-0.0254275977841767,-0.0262220214089468,-0.0269753322785997,-0.0276864573074429,-0.0283543970305288,-0.0289782256036544,-0.0295570908033618,-0.0300902140269375,-0.0305768902924132,-0.0310164882385653,-0.0314084501249147,-0.0317522918317275,-0.0320476028600144,-0.032294046331531,-0.0324913589887775,-0.0326393511949992,-0.0327379069341861,-0.0327869838110727,-0.0327866130511388,-0.0327368995006087,-0.0326380216264516,-0.0324902315163813,-0.0322938548788568,-0.0320492910430816,-0.031757012959004,-0.0314175671973172,-0.0310315739494592,-0.0305997270276129,-0.0301227938647058,-0.0296016155144102,-0.0290371066511435,-0.0284302555700675,-0.0277821241870891,-0.02709384803886,-0.0263666362827764,-0.0256017716969797,-0.0248006106803558,-0.0239645832525355,-0.0230951930538946,-0.0221940173455533,-0.021262707009377,-0.0203029865479757,-0.0193166540847041,-0.0183055813636619,-0.0172717137496937,-0.0162170702283886,-0.0151437432726402,-0.0140538807268847,-0.0129496179075488,-0.0118330499871275,-0.0107062314132985,-0.00957117590892166,-0.0084298564720397,-0.00728420537587767,-0.00613611416884339,-0.00498743367452696,-0.0038399739917011,-0.0026955044943211,-0.00155575383152471,-0.00042240992763218,0.00070288001785352,0.00181850953024709,0.00292291285968063,0.00401456498110372,0.00509198159428345,0.00615371912380425,0.00719837471906813,0.00822458625429459,0.00923103232852054,0.0102164322656004,0.0111795461142061,0.0121191746478268,0.0130341593647695,0.0139233824881584,0.0147857669659352,0.0156202764708594,0.0164259154005074,0.0172017288772735,0.0179468027483693,0.018660263585824,0.0193412786864841,0.0199890560720137,0.0206028444888944,0.021181933408425,0.0217256530267222,0.0222333742647198,0.0227045087681693,0.0231385089076395,0.0235348677785168,0.0238931192010051,0.0242128377201255,0.024493638605717,0.0247351778524358,0.0249371521797554,0.0250992990319673,0.0252213965781799,0.0253032637123195,0.0253447600531296,0.0253457859441713,0.0253062824538231,0.0252262313752811,0.0251056552265587,0.0249446172504869,0.0247432214147141,0.0245016124117063
0.0619148358664144,0.0593930092467055,0.0568089976995234,0.0541633772853593,0.051456769933773,0.0486898434401143,0.0458633086928409,0.0429779033315956,0.0400343817975796,0.0370335148952213,0.033976089792177,0.0308629100193299,0.0276947954707917,0.0244725824039005,0.0211971234392226,0.0178692875605516,0.0144899601149084,0.0110600428125421,0.00758045372692867,0.00405212729477174,0.000476014316002428,-0.00314691804622074,-0.00681568626551116,-0.0105292904522554,-0.0142867143536121,-0.0180869253535126,-0.0219288744726608,-0.0258114963685331,-0.0297337093353777,-0.0336944153042162,-0.0376924998428423,-0.0417268321558222,-0.0457962650844948,-0.049899635106971,-0.0540357623381345,-0.0582034505296417,-0.0624014870699212,-0.066628642984174,-0.0708836729343741,-0.0751653152192674,-0.0794722917743722,-0.0838033081719803,-0.0881570536211549,-0.0925322009677323,-0.0969274066943212,-0.101341310920302,-0.105772537401829,-0.110219693531828,-0.114681370339997,-0.119156142492809,-0.123642568293505,-0.128139189682102,-0.132644532235389,-0.137157105166928,-0.14167540132705,-0.146197897202862,-0.150723052918243,-0.155249312233843,-0.159775102547087,-0.16429883489217,-0.168818903940061,-0.173333687998499,-0.177841549011999,-0.182340832561848,-0.186829867866102,-0.191306967779594,-0.195770428793925,-0.200218531037473,-0.204649538275386,-0.209061697945286,-0.21345324600414,-0.21782242509477,-0.22216749193449,-0.226486717470521,-0.230778386879992,-0.23504079956994,-0.239272269177307,-0.243471123568944,-0.247635704841609,-0.251764369321969,-0.255855487566595,-0.259907444361967,-0.263918638724474,-0.26788748390041,-0.271812407365977,-0.275691850827285,-0.279524270220351,-0.2833081357111,-0.287041931695361,-0.290724156798877,-0.294353323877291,-0.297927960016157,-0.301446606530937,-0.304907818967,-0.308310167099621,-0.311652234933982,-0.314932620705175,-0.318149936878199,-0.321302810147956,-0.324389881439261,-0.327409805906833,-0.330361252935299,-0.333242906139193,-0.336053463362959,-0.338791636680944,-0.341456152397408,-0.344045751046511,-0.346559187392326,-0.348995230428833,-0.351352663379917,-0.353630283699371,-0.355826903070896,-0.3579413474081,-0.359972456854499,-0.361919085783515,-0.36378010279848,-0.365554390732631,-0.367240846649111,-0.368838381840974,-0.370345921831178,-0.371762406372592,-0.37308678944799,-0.374318039270053,-0.375455138281369,-0.376497083154437,-0.377442884791659,-0.378291568325347,-0.379042173117718
0.0155170281321672,0.0155380110522005,0.0155501573193775,0.0155527922069438,0.0155452248929411,0.015526748464907,0.0154966438923908,0.0154542034405984,0.0153987449255711,0.0153296123421969,0.0152461758642102,0.0151478318441926,0.0150340028135722,0.0149041374826237,0.0147577107404688,0.0145942236550756,0.0144132034732593,0.0142142036206814,0.0139968037018505,0.0137606095001217,0.0135052529776968,0.0132303922756246,0.0129357117138002,0.0126209217909659,0.0122857591847103,0.0119299867514689,0.011553393526524,0.0111557947240044,0.010737031736886,0.010296972136991,0.00983550967498855,0.0093525642803945,0.00884808206157137,0.00832203530572848,0.00777442247892181,0.00720526822605408,0.00661462337087474,0.00600256491597995,0.00536919604281256,0.00471464611166227,0.00403907066166535,0.00334265141080487,0.00262559625591062,0.00188813927265904,0.00113054071557346,0.000353087018023762,-0.000443909207773371,-0.00126010917075455,-0.00209514790100966,-0.00294863424978192,-0.00382015088946767,-0.00470925431361667,-0.00561547483693192,-0.0065383165952697,-0.0074772575456396,-0.00843174946620436,-0.00940121795628012,-0.0103850624363363,-0.0113826561479955,-0.0123933461540337,-0.0134164533383801,-0.0144512724061172,-0.0154970718834808,-0.0165530941178599,-0.0176185552777969,-0.0186926453529873,-0.01977452815428,-0.0208633413136772,-0.0219581962843343,-0.0230581783864911,-0.0241623530430241,-0.0252697891508757,-0.0263795685866181,-0.0274907864063975,-0.0286025508459346,-0.0297139833205243,-0.0308242184250355,-0.0319324039339116,-0.0330377008011699,-0.0341392831604022,-0.0352363383247744,-0.0363280667870266,-0.0374136822194733,-0.0384924114740028,-0.0395634945820781,-0.0406261847547362,-0.0416797483825882,-0.0427234650358197,-0.0437566274641902,-0.0447785415970337,-0.0457885265432583,-0.0467859145913463,-0.0477700512093542,-0.0487402950449129,-0.0496960179252271,-0.0506366048570763,-0.0515614540268137,-0.0524699768003671,-0.0533615977232383,-0.0542357545205033,-0.0550918980968124,-0.0559294925363902,-0.0567480151030354,-0.0575469562401209,-0.058325819570594,-0.059084121896976,-0.0598213932013624,-0.0605371766454232,-0.0612310285704023,-0.0619025184971181,-0.062551229125963,-0.0631767563369038,-0.0637787091894813,-0.0643567099228106,-0.0649103939555812,-0.0654394098860567,-0.0659434194920747,-0.0664220977310473,-0.0668751327399609,-0.0673022258353757,-0.0677030915134266,-0.0680774574498224,-0.0684250644998461,-0.0687456666983551,-0.0690390312597811,-0.0693049385781297,-0.0695431822269809,-0.0697535689594889
0.0139262444102578,0.0145547061047168,0.0151955336116585,0.0158483568796951,0.0165127891916948,0.0171884271658225,0.0178748516355419,0.0185716328362622,0.0192783335631808,0.0199945093104019,0.0207197082709361,0.0214534713367005,0.022195332098519,0.0229448168461219,0.0237014445681463,0.0244647269521358,0.0252341683845407,0.0260092659507176,0.0267895094349301,0.027574381320348,0.0283633567890481,0.0291559037220135,0.029951482699134,0.030749546999206,0.0315495425999325,0.0323509081779231,0.0331530751086939,0.0339554674666679,0.0347575020251743,0.0355585882564491,0.0363581283316349,0.037155517120781,0.0379501421928431,0.0387413838156835,0.0395286149560712,0.0403112012796819,0.0410885011510977,0.0418598656338073,0.0426246384902062,0.0433821561815962,0.044131747868186,0.0448727354090908,0.0456044333623322,0.0463261489848388,0.0470371822324453,0.0477368257598934,0.0484243649208313,0.0490990777678136,0.0497602350523018,0.0504071002246638,0.0510389294341741,0.0516549715290139,0.0522544680562709,0.0528366532619396,0.0534007540909208,0.053945990187022,0.0544715738929574,0.0549767102503478,0.0554605969997205,0.0559224245805094,0.056361376131055,0.0567766274886046,0.0571673471893117,0.0575326964682368,0.0578718292593468,0.0581838921955152,0.0584680246085221,0.0587233585290542,0.0589490186867049,0.0591441225700611,0.0593077885840734,0.0594391666246335,0.0595374505137835,0.0596018782612839,0.0596317320646136,0.0596263383089699,0.0595850675672684,0.059507334600143,0.059392598355946,0.0592403619707482,0.0590501727683386,0.0588216222602245,0.0585543461456318,0.0582480243115046,0.0579023808325054,0.0575171839710149,0.0570922461771324,0.0566274240886755,0.0561226185311801,0.0555777745179004,0.0549928812498091,0.0543679721155973,0.0537031246916742,0.0529984607421676,0.0522541462189235,0.0514703912615064,0.0506474501971991,0.0497856215410028,0.0488852479956369,0.0479467164515394,0.0469704579868665,0.0459569478674927,0.0449067055470111,0.0438202946667329,0.0426983230556878,0.0415414427306238,0.0403503498960075,0.0391257849440234,0.0378685324545748,0.0365794211952829,0.0352593241214879,0.0339091583762477,0.0325298852903391,0.0311225103822568,0.0296880833582141,0.0282276981121427,0.0267424927256925,0.025233649468232,0.0237023947968479,0.0221499993563451,0.020577777979247,0.0189870896857957,0.0173793376839511,0.0157559693693917,0.0141184763255145,0.0124683943234347,0.0108073033219857,0.00913682746771965
-0.00320763477472886,-0.00456322667527897,-0.00592791949610193,-0.00729978108366433,-0.00867681773383999,-0.0100569742042113,-0.0114381441125366,-0.0128182312243582,-0.0141951867673907,-0.0155670110754045,-0.016931753588226,-0.018287512851738,-0.0196324365178787,-0.0209647213446429,-0.0222826131960812,-0.0235844070423003,-0.0248684469594629,-0.0261331261297876,-0.0273768868415492,-0.0285982204890786,-0.0297956675727627,-0.0309678176990443,-0.0321133095804223,-0.0332308310354516,-0.0343191189887433,-0.0353769594709644,-0.0364031876188379,-0.037396687675143,-0.0383563929887148,-0.0392812860144444,-0.040170398313279,-0.041022810552222,-0.0418376525043326,-0.042614103048726,-0.0433513901705737,-0.044048790961103,-0.0447056316175973,-0.0453212874433962,-0.0458951828478951,-0.0464267913465455,-0.046915635560855,-0.0473612872183872,-0.0477633671527617,-0.0481215453036543,-0.0484355407167966,-0.0487051215439764,-0.0489301050430375,-0.0491103575778796,-0.0492457946184587,-0.0493363807407866,-0.0493821296269312,-0.0493831040650166,-0.0493394159492227,-0.0492512262797856,-0.0491187451629973,-0.0489422318112059,-0.0487219945428156,-0.0484583907822866,-0.048151827060135,-0.0478027590129333,-0.0474116913833094,-0.046979178019948,-0.0465058218775893,-0.0459922750170296,-0.0454392386051216,-0.0448474629147735,-0.0442177473249499,-0.0435509403206714,-0.0428479394930145,-0.0421096914888537,-0.041337185187844,-0.0405314261291225,-0.0396934261102047,-0.0388242029682035,-0.0379247805798289,-0.0369961888613878,-0.0360394637687847,-0.0350556472975209,-0.0340457874826953,-0.0330109383990035,-0.0319521601607386,-0.0308705189217906,-0.0297670868756469,-0.0286429422553922,-0.0274991693337078,-0.0263368584228729,-0.0251571058747632,-0.023961014080852,-0.0227496914722098,-0.021524252519504,-0.0202858177329992,-0.0190355136625574,-0.0177744728976375,-0.0165038340672958,-0.0152247418401858,-0.0139383469245578,-0.0126458060682597,-0.0113482820587364,-0.0100469437230297,-0.00874296592777914,-0.00743752957922101,-0.00613182162318889,-0.0048270350451135,-0.00352436887002279,-0.00222502816254174,-0.000930224026892775,0.00035882639310474,0.00164089991403422,0.00291476731288189,0.00417919332703688,0.00543293665429093,0.00667474995283883,0.00790337984127812,0.00911756689860919,0.0103160456642352,0.0114975446379623,0.0126607862799992,0.0138044870109577,0.0149273572118522,0.0160281012241001,0.0171054173495217,0.0181579978503399,0.0191845289491804,0.0201836908290721,0.0211541576334464,0.0220945974661375,0.0230036723913828,0.0238800384338221
-0.0577025631311342,-0.0540016942224175,-0.0502213566144322,-0.0463625041897514,-0.0424261522300479,-0.0384133774128259,-0.0343253150495762,-0.0301631428077148,-0.0259280707998377,-0.0216213411471032,-0.0172442279792319,-0.0127980374345062,-0.00828410765977227,-0.00370380881043726,0.000941456949528877,0.00565025544759389,0.0104211205026635,0.0152525539250802,0.0201430255166251,0.0250909730705166,0.0300948023714108,0.0351528871954018,0.0402635693100204,0.0454251584742361,0.0506359324384556,0.0558941369445233,0.0611979857257217,0.0665456605067704,0.0719353110038266,0.0773650549244857,0.0828329779677805,0.0883371338241816,0.0938755441755975,0.0994461986953732,0.105047055048292,0.110676038890576,0.116331043869884,0.122009931625312,0.127710531787395,0.133430641978104,0.139168027810848,0.144920422890476,0.150685528813272,0.156461015166958,0.162244519530696,0.16803364747508,0.17382597256215,0.179619036345377,0.185410348369672,0.191197386171385,0.1969775952783,0.202748389209642,0.208507149476073,0.214251225579692,0.219977935014036,0.225684563264079,0.231368363806234,0.23702655810835,0.242656335629716,0.248254853821055,0.253819238124534,0.259346581973749,0.264833946793743,0.270278362000987,0.275676825003399,0.281026301200327,0.286323723982562,0.291565994732331,0.296749982823296,0.301872525749985,0.306930446698286,0.31192062040132,0.316839999924152,0.321685617227203,0.326454583166242,0.33114408749239,0.335751398852121,0.340273864787255,0.344708911734968,0.349054045027786,0.353306848893583,0.357464986455589,0.36152619973238,0.365488309637888,0.369349215981391,0.373106897467523,0.376759411696265,0.380304895162951,0.383741563258268,0.387067710268249,0.390281709374282,0.393382012653105,0.396367151076806,0.399235734512829,0.401986451723961,0.404618070368346,0.407129436999476,0.409519477066196,0.411787194912703,0.413931673778542,0.415952075798611,0.417847642003157,0.419617692317783,0.421261625563434,0.42277891945642,0.424169130608387,0.425431894526342,0.426566925612639,0.427574017164984,0.428453041376436,0.429203949335399,0.429826771025636,0.430321615326256,0.430688670011719,0.43092820175184,0.431040556111782,0.431026157552056,0.430885509428532,0.430619193992424,0.430227872390302,0.429712284664081,0.429073249751035,0.428311665483782,0.427428508590294,0.426424834693897,0.425301778313261,0.424060552862413,0.42270245065073
0.0160909120375861,0.0160696315147028,0.0160384324923324,0.0159967156337433,0.0159438685305504,0.0158792657069252,0.0158022721783255,0.015712264426322,0.0156086431689247,0.0154908339231795,0.0153582870051681,0.0152104775300081,0.0150469054118528,0.0148670953638917,0.0146705968983496,0.0144569843264876,0.0142258567586023,0.0139768381040265,0.0137095770711285,0.0134237471673125,0.0131190466990187,0.012795198771723,0.0124519512899373,0.0120890769572091,0.0117063732761218,0.0113036625482949,0.0108807918743833,0.0104376331540782,0.00997408308610617,0.00949006316823003,0.00898551969724821,0.00846042376899502,0.0079147712783406,0.007348582919191,0.00676190418448802,0.00615480536620935,0.00552738155536848,0.00487975264201477,0.00421206331523337,0.00352448306314536,0.00281720617290756,0.0020904517307127,0.00134446362178929,0.000579510530401663,-0.000204114060149871,-0.00100609186752932,-0.00182607981036479,-0.00266371000824856,-0.00351858978173706,-0.00439030165235095,-0.00527840334257489,-0.00618242777585785,-0.00710188307661292,-0.00803625257021734,-0.00898499478301259,-0.00994754344230413,-0.0109233074763618,-0.0119116710144193,-0.012911993386675,-0.0139236091242909,-0.0149458279593935,-0.0159779348250732,-0.0170191898553848,-0.0180688283853472,-0.0191260609509434,-0.0201900732891207,-0.0212600263377903,-0.0223350562358278,-0.0234142743230728,-0.0244967671871929,-0.0255816030258607,-0.0266678554927822,-0.0277546133962894,-0.0288409809033446,-0.0299260775395408,-0.0310090381891012,-0.0320890130948797,-0.0331651678583603,-0.0342366834396577,-0.035302756157517,-0.0363625976893137,-0.0374154350710538,-0.0384605106973738,-0.0394970823215404,-0.0405244230554511,-0.0415418213696334,-0.0425485810932457,-0.0435440214140767,-0.0445274768785452,-0.045498297391701,-0.046455848217224,-0.0473995099774246,-0.0483286786532438,-0.0492427655842528,-0.0501411974686533,-0.0510234163632776,-0.0518888796835883,-0.0527370602036787,-0.0535674460562721,-0.0543795407327226,-0.0551728630830146,-0.055946947315763,-0.0567013429982132,-0.0574356150562408,-0.0581493437743522,-0.058842124795684,-0.0595135691220033,-0.0601633031137076,-0.060790968489825,-0.0613962223280139,-0.0619787370645631,-0.0625382004943921,-0.0630743157710506,-0.0635868014067189,-0.0640753912722075,-0.0645398345969577,-0.064979895969041,-0.0653953553351593,-0.0657860080006453,-0.0661516646294617,-0.0664921512442019,-0.0668073092260897,-0.0670969953149794,-0.0673610816093555,-0.0675994555663333,-0.0678120200016583,-0.0679986930897066,-0.0681594083634846
0.0221553870780492,0.0228337674905027,0.0235189168549283,0.0242102269739879,0.0249070694242025,0.0256087955589683,0.0263147390581541,0.0270242309551942,0.0277366087861932,0.0284512169929897,0.0291674069231561,0.0298845368299988,0.030601971872558,0.0313190841156077,0.0320352525296561,0.0327498629909452,0.0334623082814507,0.0341719880888824,0.0348783090066839,0.0355806845340329,0.0362785350758407,0.0369712879427528,0.0376583773511483,0.0383392444231404,0.0390133371865762,0.0396801105750367,0.0403390264278367,0.0409895534900251,0.0416311674123843,0.0422633507514311,0.0428855929694159,0.043497390434323,0.0440982464198708,0.0446876711055114,0.0452651815764309,0.0458303018235493,0.0463825627435205,0.0469215021387322,0.0474466647173062,0.0479576020930979,0.048453872785697,0.0489350422204268,0.0494006827283445,0.0498503735462415,0.0502837008166428,0.0507002575878073,0.0510996438137281,0.0514814663541318,0.0518453389744792,0.0521908823459649,0.0525177240455175,0.0528254985557992,0.0531138472652064,0.0533824184678694,0.0536308673636523,0.053858856058153,0.0540660535627035,0.0542521357943696,0.0544167855759511,0.0545596926359815,0.0546805536087284,0.0547790720341932,0.0548549583581112,0.0549079299319517,0.0549377110129178,0.0549440327639465,0.0549266332537088,0.0548852574566095,0.0548196572527873,0.0547295914426068,0.0546148277140544,0.0544751500167226,0.0543103615609367,0.0541202848808394,0.0539047618343912,0.0536636536033703,0.0533968406933724,0.053104222933811,0.0527857194779173,0.0524412688027399,0.0520708287091454,0.0516743763218178,0.051251908089259,0.0508034397837882,0.0503290065015427,0.049828662662477,0.0493024820103638,0.0487505576127928,0.0481730018611721,0.0475699464707268,0.0469415424805,0.0462879602533526,0.0456093894759626,0.0449060391588263,0.0441781376362573,0.0434259325663869,0.0426496909311642,0.0418496990363558,0.0410262625115459,0.0401797063101366,0.0393103747093477,0.0384186313102162,0.0375048590375972,0.0365694601401634,0.0356128561904049,0.0346354880846298,0.0336378160429636,0.0326203196093497,0.0315834976515489,0.0305278683611396,0.0294539692535185,0.0283623571678991,0.0272536082673132,0.0261283180386099,0.0249871012924561,0.0238305921633363,0.0226594441095528,0.0214743299132255,0.0202759416802917,0.0190649908405069,0.0178422081474436,0.0166083436784925,0.0153641668348618,0.0141104663415772,0.0128480502474822,0.011577745925238,0.0103004000713234,0.00901687870603483
-0.00969263411960234,-0.0111842887416428,-0.012682601810328,-0.0141853311333878,-0.0156901657289165,-0.0171947258398547,-0.0186965751754358,-0.0201932930611476,-0.0216825183665612,-0.0231619514405703,-0.024629354111391,-0.026082549686562,-0.0275194229529446,-0.0289379201767227,-0.0303360491034024,-0.0317118789578129,-0.0330635404441055,-0.0343892257457543,-0.0356871885255556,-0.0369557439256287,-0.0381932685674151,-0.0393982005516792,-0.0405690394585074,-0.0417043463473091,-0.0428027437568162,-0.043862915705083,-0.0448836076894863,-0.0458636266867257,-0.0468018411528231,-0.047697181023123,-0.0485486377122925,-0.0493552641143213,-0.0501161746025215,-0.0508305450295279,-0.0514976127272975,-0.0521166765071104,-0.0526870966595689,-0.0532082949545978,-0.0536797546414446,-0.0541010204486792,-0.0544716985841942,-0.0547914567352047,-0.0550600240682483,-0.0552771912291851,-0.0554428103431979,-0.0555567950147919,-0.0556191203277949,-0.0556298228453573,-0.0555890006099519,-0.0554968131433742,-0.0553534814467423,-0.0551592880004964,-0.0549145767643999,-0.0546197531775382,-0.0542752841583196,-0.0538816981044747,-0.0534395848930569,-0.0529495958804418,-0.0524124439023278,-0.051828903273736,-0.0511998097890095,-0.0505260607218145,-0.0498086148251394,-0.0490484923312954,-0.048246774951916,-0.0474046058779573,-0.0465231897796982,-0.0456037928067398,-0.044647742588006,-0.0436564281513409,-0.0426312890081825,-0.0415737742419084,-0.0404853258683581,-0.0393673784858309,-0.0382213592750857,-0.0370486879993414,-0.0358507770042764,-0.034629031218029,-0.0333848481511972,-0.0321196178968386,-0.0308347231304709,-0.029531539110071,-0.028211433676076,-0.0268757672513827,-0.0255258928413475,-0.0241631560337865,-0.0227888949989756,-0.0214044404896505,-0.0200111158410067,-0.0186102369706992,-0.017203112378843,-0.0157910431480127,-0.0143753229432426,-0.0129572380120269,-0.0115380671843195,-0.0101190818725339,-0.00870154607154348,-0.00728671635868134,-0.00587584189374024,-0.00447016441897287,-0.00307091825909148,-0.00167933032126814,-0.000296620095134616,0.00107600034721753,0.00243732635123711,0.00378616067991294,0.00512131351377433,0.00644160245089078,0.00774585250687203,0.00903289611486817,0.0103015731255693,0.0115507308072061,0.0127792238455492,0.0139859143439097,0.015169671823139,0.0163293732216287,0.0174639028953103,0.0185721526176561,0.0196530215796784,0.0207054163899298,0.0217282510745032,0.0227204470770315,0.0236809332586882,0.0246086458981869,0.0255025286917815,0.0263615327532661,0.0271846166139751,0.0279707462227832
-0.0150298087198475,-0.0128333197636725,-0.0106078997593358,-0.00835521795170038,-0.00607700430985413,-0.00377504951629087,-0.00145119582147488,0.000892716858513543,0.00325488375992277,0.00563353671712324,0.00802694416260755,0.0104334111269905,0.0128512792390087,0.0152789267255213,0.0177147684115092,0.0201572557200756,0.0226048766724462,0.025056155887968,0.0275096545841109,0.0299639705764662,0.0324177382787481,0.0348696287027925,0.0373183494585573,0.039762644754123,0.0422012953956915,0.0446331187875874,0.0470569689322577,0.0494717364302708,0.0518763484803174,0.0542697688792105,0.0566509980218851,0.0590190729013987,0.0613730671089306,0.0637120908337819,0.0660352908633765,0.06834185058326,0.0706309899771003,0.0729019656266873,0.0751540707119331,0.0773866350108718,0.0795990248996596,0.0817906433525752,0.0839609299420195,0.0861093608385149,0.0882354488107057,0.0903387432253597,0.0924188300473654,0.0944753318397344,0.0965079077635995,0.0985162535782169,0.100500101640964,0.10245922090734,0.104393416930967,0.106302531863588,0.108186444455072,0.110045070053404,0.111878360604696,0.11368630465318,0.11546892734121,0.117226290409264,0.118958492195941,0.12066566763796,0.122347988270165,0.124005662225522,0.125638934235118,0.127248085628162,0.128833434331986,0.130395334872043,0.131934178371909,0.133450392491452,0.134944433032637,0.136416752477326,0.137867787191056,0.139297957153875,0.140707665960342,0.142097300819532,0.143467232555027,0.144817815604925,0.146149388021833,0.147462271472874,0.148756771239678,0.150033176218391,0.151291758919671,0.152532775468686,0.153756465605116,0.154963052683156,0.156152743671509,0.157325729153396,0.158482183326543,0.159622264003192,0.160746112610098,0.161853854188526,0.162945597394253,0.16402143449757,0.165081441383278,0.16612567755069,0.167154186113635,0.168166993800449,0.169164110953982,0.170145531531598,0.17111123310517,0.172061176861085,0.172995307600241,0.173913553738049,0.174815827304432,0.175702023943824,0.176572022915174,0.177425687091938,0.178262862962089,0.17908338062811,0.179887053806996,0.180673679830253,0.181443039643902,0.182194897808474,0.182929002499013,0.183645085505075,0.184342862230726,0.185022031694546,0.185682276529628,0.186323262983576,0.186944640918506,0.187546043811046,0.188127088752334,0.188687376448026,0.189226491218284,0.189744000997786,0.190239457335719,0.190712395395784
0.0161946650031999,0.0161644471954048,0.0161238597483172,0.0160722442881661,0.0160089276018004,0.0159332216414442,0.0158444275438171,0.015741859318464,0.015624858270172,0.0154927936343502,0.0153450625770295,0.0151810901948625,0.0150003295151234,0.0148022614957084,0.0145863950251354,0.0143522669225441,0.0140994419376957,0.0138275127509736,0.0135360999733826,0.0132248521465494,0.0128934457427226,0.0125415851647722,0.0121690027461904,0.0117754587510909,0.0113607413742092,0.0109246667409025,0.01046707890715,0.0099878498595525,0.00948687951533251,0.00896409572233442,0.00841945425902432,0.00785293883449008,0.00726456108844133,0.00665436059120952,0.00602240484374778,0.00536878927763106,0.00469363725505605,0.00399710006884121,0.00327935694242671,0.00254061502987465,0.00178110941586871,0.00100110311571444,0.000200887075339111,-0.000619219828708283,-0.00145887078925682,-0.00231769106851399,-0.00319527799806544,-0.00409120097887506,-0.005005001481285,-0.00593619304501565,-0.00688426127916552,-0.0078486638622115,-0.00882883054200866,-0.00982416313579031,-0.010834035530168,-0.0118577936811315,-0.0128947556140488,-0.0139442114236662,-0.0150054232741081,-0.0160776253988774,-0.0171600241008549,-0.0182517977522997,-0.0193520967948495,-0.0204600437395197,-0.0215747331667043,-0.0226952317261756,-0.0238205781370837,-0.0249497831879573,-0.0260818297367033,-0.0272156727666803,-0.0283502469992048,-0.0294844954259279,-0.0306173809134461,-0.0317478864473985,-0.0328750151324666,-0.0339977901923739,-0.0351152549698868,-0.0362264729268133,-0.0373305276440043,-0.0384265228213529,-0.0395135822777945,-0.0405908499513068,-0.04165748989891,-0.0427126862966662,-0.0437556434396805,-0.0447855857420998,-0.0458017577371135,-0.0468034240769536,-0.0477898695328939,-0.0487603989952511,-0.0497143374733837,-0.0506510300956931,-0.0515698421096226,-0.052470158881658,-0.0533513858973274,-0.0542129487612013,-0.0550542931968926,-0.0558748850470562,-0.0566742102733899,-0.0574517749566331,-0.0582071052965683,-0.0589397476120199,-0.0596492683408546,-0.0603352540399817,-0.0609973113853527,-0.0616350671719613,-0.0622481683138438,-0.0628362818440787,-0.0633990949147868,-0.0639363147971313,-0.0644476688813178,-0.064932904676594,-0.0653917898112503,-0.0658241120326191,-0.0662296792070752,-0.0666083193200361,-0.066959880475961,-0.067284230898352,-0.0675812589297533,-0.0678508730317515,-0.0680930017849753,-0.0683075938890962,-0.0684946181628275,-0.0686540635439253,-0.0687859390891878,-0.0688902739744557,-0.0689671174946117,-0.0690165390635811
0.0102913664726598,0.0100709571886128,0.00985331817467187,0.00963913352420716,0.00942910673416296,0.00922396069988861,0.00902443334552061,0.00883125186985652,0.00864511706619625,0.00846670263155313,0.00829665516665387,0.0081355941759386,0.00798411206756088,0.00784277415338766,0.00771211864899929,0.00759265667368954,0.00748487225046559,0.00738922230604804,0.00730613667087086,0.00723601807908148,0.00717924216854068,0.0071361574808227,0.00710708546121517,0.00709232045871912,0.00709212972604899,0.00710675341963265,0.00713640459961135,0.00718126922983977,0.00724150617788598,0.00731724721503147,0.00740859701627114,0.0075156331603133,0.00763840612957967,0.00777693931020534,0.00793122899203887,0.0081012443686422,0.00828692753729066,0.00848819349897302,0.00870493015839145,0.0089369983239615,0.00918423170781218,0.00944643692578586,0.00972339349743835,0.0100148538460389,0.01032054329857,0.0106401600857278,0.0109733753419217,0.0113198331052745,0.0116791503176225,0.0120509168245153,0.0124346953752161,0.0128300216227012,0.0132364041236606,0.0136533243384975,0.0140802366313288,0.0145165682699844,0.0149617194260078,0.0154150631746561,0.0158759454948996,0.016343685269422,0.0168175742846204,0.0172968772306054,0.017780831701201,0.0182686481939446,0.0187595101100869,0.0192525737545922,0.019746968336138,0.0202417959671153,0.0207361316636287,0.0212290233991847,0.021719499393447,0.0222065954311629,0.0226893659732439,0.0231668843904806,0.0236382429635435,0.024102552882982,0.0245589442492253,0.0250065660725818,0.0254445862732396,0.0258721916812659,0.0262885880366076,0.0266929999890908,0.0270846710984212,0.0274628638341839,0.0278268595758434,0.0281759586127436,0.0285094801441078,0.0288267622790389,0.029127162036519,0.0294100553454098,0.0296748370444523,0.0299209208822671,0.030147739517354,0.0303547445180924,0.0305414063627411,0.0307072144394383,0.0308516770462016,0.030974321390928,0.0310746935913942,0.0311523586752559,0.0312069005800485,0.0312379221531868,0.0312450451519649,0.0312279102435566,0.0311861770050149,0.0311195239232721,0.0310276483951404,0.0309102667273109,0.0307671141363545,0.0305979447487213,0.030402531600741,0.0301806666386225,0.0299321607184545,0.0296568436062048,0.0293545639777206,0.0290251894187289,0.0286686064248357,0.0282847204015267,0.0278734556641669,0.0274347554380008,0.0269685818581523,0.0264749159696247,0.0259537577273008,0.0254051259959427,0.0248290585501921,0.02422561207457,0.0235948621634768,0.0229369033211924
-0.0145501365717821,-0.0161113260794822,-0.0176861365566927,-0.0192724805651598,-0.0208682025097253,-0.0224710786511417,-0.0240788279385915,-0.0256891758555591,-0.0272998932917933,-0.0289087982558099,-0.0305137558748924,-0.0321126783950912,-0.0337035251812242,-0.0352843027168765,-0.0368530646044006,-0.0384079115649163,-0.0399469914383108,-0.0414684991832382,-0.0429706768771202,-0.0444518137161458,-0.0459102460152714,-0.0473443572082205,-0.0487525778474837,-0.0501333856043195,-0.0514853052687532,-0.0528069087495775,-0.0540968150743526,-0.0553536903894059,-0.0565762479598318,-0.0577632481694925,-0.0589134985210171,-0.0600258536358023,-0.0610992152540118,-0.0621325322345769,-0.0631248005551959,-0.0640750633123347,-0.0649824107212263,-0.065845980115871,-0.0666649559490365,-0.0674385697922578,-0.0681661003358371,-0.0688468733888439,-0.0694802618791152,-0.070065685853255,-0.0706026124766349,-0.0710905560333934,-0.0715290779264368,-0.0719177866774384,-0.0722563379268387,-0.0725444344338458,-0.072781826076435,-0.0729683098513487,-0.0731037298740967,-0.0731879773789564,-0.073220990718972,-0.0732027553659554,-0.0731333039104855,-0.0730127160619088,-0.0728411186483389,-0.0726186856166567,-0.0723456380325104,-0.0720222440803157,-0.0716488190632554,-0.0712257254032795,-0.0707533726411056,-0.0702322174362183,-0.0696627635668698,-0.0690455619300793,-0.0683812105416336,-0.0676703545040192,-0.0669136816529873,-0.0661119062404753,-0.065265762298169,-0.0643760034979078,-0.0634434031516861,-0.062468754211652,-0.0614528692701083,-0.0603965805595119,-0.0593007399524739,-0.0581662189617598,-0.0569939087402894,-0.0557847200811366,-0.0545395834175296,-0.0532594488228513,-0.0519452860106383,-0.0505980843345817,-0.049218852788527,-0.0478086200064738,-0.0463684342625762,-0.0448993634711423,-0.0434024951866345,-0.0418789366036699,-0.0403298145570192,-0.0387562755216078,-0.0371594856125156,-0.0355406305849762,-0.0339009158343779,-0.032241566396263,-0.0305638269463283,-0.0288689618004249,-0.0271582549145579,-0.025433009884887,-0.0236945499477259,-0.0219442179795427,-0.0201833764969598,-0.0184134076567539,-0.0166357132558559,-0.014851714731351,-0.0130628531604788,-0.0112705892606328,-0.00947640338936124,-0.0076817955443664,-0.00588828536350488,-0.00409741212478751,-0.00231073474637943,-0.000529831786599996,0.00124369855607694,0.00300823844302346,0.00476215039545735,0.00650377729444205,0.00823144238088688,0.00994344925554655,0.0116380818790218,0.013313604571759,0.0149682620140503,0.0166002792460334,0.018207861667692,0.0197891950388551
